sale_id,date,product,category,quantity,unit_price
DEMO-0001,2026-01-01,Gourde,Accessoires,2,19.90
DEMO-0002,2026-01-01,Chocolat,Boissons,5,4.20
DEMO-0003,2026-01-01,Café,Boissons,6,3.50
DEMO-0004,2026-01-02,Tasse,Accessoires,7,12.90
DEMO-0005,2026-01-02,Café,Boissons,1,3.50
DEMO-0006,2026-01-02,Café,Boissons,8,3.50
DEMO-0007,2026-01-03,Cookies,Épicerie,4,2.50
DEMO-0008,2026-01-03,Granola,Épicerie,6,6.90
DEMO-0009,2026-01-03,Café,Boissons,8,3.50
DEMO-0010,2026-01-04,Chocolat,Boissons,7,4.20
DEMO-0011,2026-01-04,Granola,Épicerie,4,6.90
DEMO-0012,2026-01-04,Tasse,Accessoires,3,12.90
DEMO-0013,2026-01-05,Thé,Boissons,7,3.00
DEMO-0014,2026-01-05,Granola,Épicerie,7,6.90
DEMO-0015,2026-01-05,Cookies,Épicerie,4,2.50
DEMO-0016,2026-01-06,Gourde,Accessoires,7,19.90
DEMO-0017,2026-01-06,Chocolat,Boissons,5,4.20
DEMO-0018,2026-01-06,Gourde,Accessoires,4,19.90
DEMO-0019,2026-01-07,Granola,Épicerie,7,6.90
DEMO-0020,2026-01-07,Granola,Épicerie,8,6.90
DEMO-0021,2026-01-07,Gourde,Accessoires,3,19.90
DEMO-0022,2026-01-08,Granola,Épicerie,5,6.90
DEMO-0023,2026-01-08,Granola,Épicerie,5,6.90
DEMO-0024,2026-01-08,Gourde,Accessoires,8,19.90
DEMO-0025,2026-01-09,Tasse,Accessoires,2,12.90
DEMO-0026,2026-01-09,Cookies,Épicerie,6,2.50
DEMO-0027,2026-01-09,Granola,Épicerie,3,6.90
DEMO-0028,2026-01-10,Chocolat,Boissons,3,4.20
DEMO-0029,2026-01-10,Cookies,Épicerie,6,2.50
DEMO-0030,2026-01-10,Granola,Épicerie,2,6.90
DEMO-0031,2026-01-11,Gourde,Accessoires,7,19.90
DEMO-0032,2026-01-11,Thé,Boissons,7,3.00
DEMO-0033,2026-01-11,Cookies,Épicerie,7,2.50
DEMO-0034,2026-01-12,Tasse,Accessoires,5,12.90
DEMO-0035,2026-01-12,Gourde,Accessoires,3,19.90
DEMO-0036,2026-01-12,Chocolat,Boissons,4,4.20
DEMO-0037,2026-01-13,Cookies,Épicerie,5,2.50
DEMO-0038,2026-01-13,Café,Boissons,1,3.50
DEMO-0039,2026-01-13,Tasse,Accessoires,7,12.90
DEMO-0040,2026-01-14,Gourde,Accessoires,3,19.90
DEMO-0041,2026-01-14,Tasse,Accessoires,3,12.90
DEMO-0042,2026-01-14,Chocolat,Boissons,1,4.20
DEMO-0043,2026-01-15,Granola,Épicerie,1,6.90
DEMO-0044,2026-01-15,Cookies,Épicerie,1,2.50
DEMO-0045,2026-01-15,Granola,Épicerie,5,6.90
DEMO-0046,2026-01-16,Café,Boissons,1,3.50
DEMO-0047,2026-01-16,Cookies,Épicerie,1,2.50
DEMO-0048,2026-01-16,Café,Boissons,1,3.50
DEMO-0049,2026-01-17,Thé,Boissons,3,3.00
DEMO-0050,2026-01-17,Cookies,Épicerie,8,2.50
DEMO-0051,2026-01-17,Chocolat,Boissons,4,4.20
DEMO-0052,2026-01-18,Café,Boissons,1,3.50
DEMO-0053,2026-01-18,Cookies,Épicerie,4,2.50
DEMO-0054,2026-01-18,Chocolat,Boissons,8,4.20
DEMO-0055,2026-01-19,Café,Boissons,3,3.50
DEMO-0056,2026-01-19,Thé,Boissons,2,3.00
DEMO-0057,2026-01-19,Cookies,Épicerie,3,2.50
DEMO-0058,2026-01-20,Granola,Épicerie,1,6.90
DEMO-0059,2026-01-20,Cookies,Épicerie,7,2.50
DEMO-0060,2026-01-20,Granola,Épicerie,4,6.90
DEMO-0061,2026-01-21,Thé,Boissons,4,3.00
DEMO-0062,2026-01-21,Cookies,Épicerie,4,2.50
DEMO-0063,2026-01-21,Chocolat,Boissons,4,4.20
DEMO-0064,2026-01-22,Granola,Épicerie,1,6.90
DEMO-0065,2026-01-22,Gourde,Accessoires,2,19.90
DEMO-0066,2026-01-22,Granola,Épicerie,5,6.90
DEMO-0067,2026-01-23,Chocolat,Boissons,4,4.20
DEMO-0068,2026-01-23,Cookies,Épicerie,7,2.50
DEMO-0069,2026-01-23,Granola,Épicerie,1,6.90
DEMO-0070,2026-01-24,Chocolat,Boissons,7,4.20
DEMO-0071,2026-01-24,Chocolat,Boissons,3,4.20
DEMO-0072,2026-01-24,Chocolat,Boissons,7,4.20
DEMO-0073,2026-01-25,Cookies,Épicerie,2,2.50
DEMO-0074,2026-01-25,Tasse,Accessoires,1,12.90
DEMO-0075,2026-01-25,Tasse,Accessoires,7,12.90
DEMO-0076,2026-01-26,Tasse,Accessoires,1,12.90
DEMO-0077,2026-01-26,Cookies,Épicerie,6,2.50
DEMO-0078,2026-01-26,Tasse,Accessoires,3,12.90
DEMO-0079,2026-01-27,Thé,Boissons,3,3.00
DEMO-0080,2026-01-27,Chocolat,Boissons,8,4.20
DEMO-0081,2026-01-27,Tasse,Accessoires,2,12.90
DEMO-0082,2026-01-28,Chocolat,Boissons,4,4.20
DEMO-0083,2026-01-28,Tasse,Accessoires,1,12.90
DEMO-0084,2026-01-28,Tasse,Accessoires,4,12.90
DEMO-0085,2026-01-29,Gourde,Accessoires,4,19.90
DEMO-0086,2026-01-29,Granola,Épicerie,8,6.90
DEMO-0087,2026-01-29,Thé,Boissons,6,3.00
DEMO-0088,2026-01-30,Thé,Boissons,3,3.00
DEMO-0089,2026-01-30,Café,Boissons,8,3.50
DEMO-0090,2026-01-30,Café,Boissons,8,3.50
DEMO-0091,2026-01-31,Cookies,Épicerie,5,2.50
DEMO-0092,2026-01-31,Café,Boissons,2,3.50
DEMO-0093,2026-01-31,Chocolat,Boissons,4,4.20
DEMO-0094,2026-02-01,Chocolat,Boissons,4,4.20
DEMO-0095,2026-02-01,Café,Boissons,4,3.50
DEMO-0096,2026-02-01,Cookies,Épicerie,3,2.50
DEMO-0097,2026-02-02,Cookies,Épicerie,4,2.50
DEMO-0098,2026-02-02,Café,Boissons,5,3.50
DEMO-0099,2026-02-02,Chocolat,Boissons,6,4.20
DEMO-0100,2026-02-03,Café,Boissons,3,3.50
DEMO-0101,2026-02-03,Chocolat,Boissons,4,4.20
DEMO-0102,2026-02-03,Granola,Épicerie,4,6.90
DEMO-0103,2026-02-04,Tasse,Accessoires,4,12.90
DEMO-0104,2026-02-04,Cookies,Épicerie,5,2.50
DEMO-0105,2026-02-04,Chocolat,Boissons,6,4.20
DEMO-0106,2026-02-05,Chocolat,Boissons,7,4.20
DEMO-0107,2026-02-05,Tasse,Accessoires,5,12.90
DEMO-0108,2026-02-05,Thé,Boissons,2,3.00
DEMO-0109,2026-02-06,Cookies,Épicerie,3,2.50
DEMO-0110,2026-02-06,Granola,Épicerie,2,6.90
DEMO-0111,2026-02-06,Cookies,Épicerie,5,2.50
DEMO-0112,2026-02-07,Café,Boissons,2,3.50
DEMO-0113,2026-02-07,Granola,Épicerie,4,6.90
DEMO-0114,2026-02-07,Thé,Boissons,3,3.00
DEMO-0115,2026-02-08,Café,Boissons,5,3.50
DEMO-0116,2026-02-08,Granola,Épicerie,6,6.90
DEMO-0117,2026-02-08,Granola,Épicerie,6,6.90
DEMO-0118,2026-02-09,Cookies,Épicerie,2,2.50
DEMO-0119,2026-02-09,Chocolat,Boissons,2,4.20
DEMO-0120,2026-02-09,Cookies,Épicerie,6,2.50
DEMO-0121,2026-02-10,Granola,Épicerie,7,6.90
DEMO-0122,2026-02-10,Chocolat,Boissons,2,4.20
DEMO-0123,2026-02-10,Cookies,Épicerie,6,2.50
DEMO-0124,2026-02-11,Chocolat,Boissons,2,4.20
DEMO-0125,2026-02-11,Gourde,Accessoires,6,19.90
DEMO-0126,2026-02-11,Thé,Boissons,3,3.00
DEMO-0127,2026-02-12,Gourde,Accessoires,1,19.90
DEMO-0128,2026-02-12,Tasse,Accessoires,4,12.90
DEMO-0129,2026-02-12,Chocolat,Boissons,4,4.20
DEMO-0130,2026-02-13,Granola,Épicerie,7,6.90
DEMO-0131,2026-02-13,Cookies,Épicerie,4,2.50
DEMO-0132,2026-02-13,Thé,Boissons,7,3.00
DEMO-0133,2026-02-14,Tasse,Accessoires,7,12.90
DEMO-0134,2026-02-14,Gourde,Accessoires,1,19.90
DEMO-0135,2026-02-14,Thé,Boissons,4,3.00
DEMO-0136,2026-02-15,Tasse,Accessoires,6,12.90
DEMO-0137,2026-02-15,Chocolat,Boissons,5,4.20
DEMO-0138,2026-02-15,Gourde,Accessoires,4,19.90
DEMO-0139,2026-02-16,Chocolat,Boissons,4,4.20
DEMO-0140,2026-02-16,Granola,Épicerie,4,6.90
DEMO-0141,2026-02-16,Cookies,Épicerie,4,2.50
DEMO-0142,2026-02-17,Thé,Boissons,4,3.00
DEMO-0143,2026-02-17,Cookies,Épicerie,4,2.50
DEMO-0144,2026-02-17,Tasse,Accessoires,5,12.90
DEMO-0145,2026-02-18,Granola,Épicerie,1,6.90
DEMO-0146,2026-02-18,Cookies,Épicerie,2,2.50
DEMO-0147,2026-02-18,Granola,Épicerie,7,6.90
DEMO-0148,2026-02-19,Granola,Épicerie,3,6.90
DEMO-0149,2026-02-19,Café,Boissons,5,3.50
DEMO-0150,2026-02-19,Cookies,Épicerie,6,2.50
DEMO-0151,2026-02-20,Tasse,Accessoires,5,12.90
DEMO-0152,2026-02-20,Café,Boissons,4,3.50
DEMO-0153,2026-02-20,Café,Boissons,1,3.50
DEMO-0154,2026-02-21,Café,Boissons,5,3.50
DEMO-0155,2026-02-21,Thé,Boissons,3,3.00
DEMO-0156,2026-02-21,Tasse,Accessoires,6,12.90
DEMO-0157,2026-02-22,Thé,Boissons,8,3.00
DEMO-0158,2026-02-22,Thé,Boissons,2,3.00
DEMO-0159,2026-02-22,Chocolat,Boissons,3,4.20
DEMO-0160,2026-02-23,Café,Boissons,1,3.50
DEMO-0161,2026-02-23,Gourde,Accessoires,7,19.90
DEMO-0162,2026-02-23,Thé,Boissons,7,3.00
DEMO-0163,2026-02-24,Café,Boissons,2,3.50
DEMO-0164,2026-02-24,Gourde,Accessoires,7,19.90
DEMO-0165,2026-02-24,Cookies,Épicerie,7,2.50
DEMO-0166,2026-02-25,Granola,Épicerie,4,6.90
DEMO-0167,2026-02-25,Granola,Épicerie,6,6.90
DEMO-0168,2026-02-25,Thé,Boissons,2,3.00
DEMO-0169,2026-02-26,Cookies,Épicerie,5,2.50
DEMO-0170,2026-02-26,Cookies,Épicerie,5,2.50
DEMO-0171,2026-02-26,Cookies,Épicerie,1,2.50
DEMO-0172,2026-02-27,Cookies,Épicerie,2,2.50
DEMO-0173,2026-02-27,Chocolat,Boissons,5,4.20
DEMO-0174,2026-02-27,Café,Boissons,1,3.50
DEMO-0175,2026-02-28,Gourde,Accessoires,5,19.90
DEMO-0176,2026-02-28,Gourde,Accessoires,3,19.90
DEMO-0177,2026-02-28,Tasse,Accessoires,4,12.90
DEMO-0178,2026-03-01,Chocolat,Boissons,6,4.20
DEMO-0179,2026-03-01,Cookies,Épicerie,4,2.50
DEMO-0180,2026-03-01,Thé,Boissons,6,3.00
